candidate,group,operation,dtype,n,batch,layout,variant,case_id,median_ms,best_ms,mad_ms,samples,loops,status,notes
auto_v2,direct,fft,complex64,8192,8,contiguous,,direct_fft_complex64_8192_8_contiguous_,0.330899725668,0.327512767,0.00338695866808,5,73,ok,
auto_v2,direct,fft,complex64,8192,32,contiguous,,direct_fft_complex64_8192_32_contiguous_,1.21684110491,1.21581070125,0.00103040365502,5,20,ok,
auto_v2,direct,fft,complex64,8192,64,contiguous,,direct_fft_complex64_8192_64_contiguous_,2.43143699897,2.42430063996,0.00259128864855,5,14,ok,
auto_v2,direct,fft,complex64,8192,256,contiguous,,direct_fft_complex64_8192_256_contiguous_,9.99444331198,9.89624400002,0.0757163700958,5,3,ok,
auto_v2,direct,fft,complex64,16384,8,contiguous,,direct_fft_complex64_16384_8_contiguous_,0.653559999773,0.650603399845,0.00295659992844,5,20,ok,
auto_v2,direct,fft,complex64,16384,32,contiguous,,direct_fft_complex64_16384_32_contiguous_,2.52601792678,2.51541476553,0.00488537793549,5,13,ok,
auto_v2,direct,fft,complex64,16384,64,contiguous,,direct_fft_complex64_16384_64_contiguous_,5.01693899666,4.99070767546,0.00302400439978,5,6,ok,
auto_v2,direct,fft,complex64,16384,256,contiguous,,direct_fft_complex64_16384_256_contiguous_,22.3367579747,22.1999780042,0.0747430603951,5,1,ok,
auto_v2,direct,fft,complex64,32768,8,contiguous,,direct_fft_complex64_32768_8_contiguous_,1.36796064908,1.36547195143,0.00132049899548,5,20,ok,
auto_v2,direct,fft,complex64,32768,32,contiguous,,direct_fft_complex64_32768_32_contiguous_,5.30950598962,5.28144632699,0.0241406766387,5,6,ok,
auto_v2,direct,fft,complex64,32768,64,contiguous,,direct_fft_complex64_32768_64_contiguous_,10.9969273132,10.9497746841,0.0256919690097,5,3,ok,
auto_v2,direct,fft,complex64,32768,256,contiguous,,direct_fft_complex64_32768_256_contiguous_,47.2380579449,47.0231720246,0.173979089595,5,1,ok,
auto_v2,direct,fft,complex64,65536,8,contiguous,,direct_fft_complex64_65536_8_contiguous_,3.12320954717,3.10681945517,0.0140475511382,5,11,ok,
auto_v2,direct,fft,complex64,65536,32,contiguous,,direct_fft_complex64_65536_32_contiguous_,12.5378005323,12.4744155328,0.0217010383494,5,2,ok,
auto_v2,direct,fft,complex64,65536,64,contiguous,,direct_fft_complex64_65536_64_contiguous_,26.6064889729,26.5057170764,0.0494229607284,5,1,ok,
auto_v2,direct,fft,complex64,65536,256,contiguous,,direct_fft_complex64_65536_256_contiguous_,105.617022957,105.284723919,0.173066975549,5,1,ok,
auto_v2,direct,fft,complex128,8192,8,contiguous,,direct_fft_complex128_8192_8_contiguous_,0.348217521374,0.345124069496,0.000789099123696,5,71,ok,
auto_v2,direct,fft,complex128,8192,32,contiguous,,direct_fft_complex128_8192_32_contiguous_,1.31334725302,1.31162354955,0.00172370346263,5,20,ok,
auto_v2,direct,fft,complex128,8192,64,contiguous,,direct_fft_complex128_8192_64_contiguous_,2.59924654025,2.58366477031,0.012686314921,5,13,ok,
auto_v2,direct,fft,complex128,8192,256,contiguous,,direct_fft_complex128_8192_256_contiguous_,12.8463344881,12.8076715046,0.00706349965185,5,2,ok,
auto_v2,direct,fft,complex128,16384,8,contiguous,,direct_fft_complex128_16384_8_contiguous_,0.831244850997,0.828131398885,0.0031134521123,5,20,ok,
auto_v2,direct,fft,complex128,16384,32,contiguous,,direct_fft_complex128_16384_32_contiguous_,3.28214210458,3.25750749325,0.00337038654834,5,10,ok,
auto_v2,direct,fft,complex128,16384,64,contiguous,,direct_fft_complex128_16384_64_contiguous_,6.78306040354,6.75958199427,0.0158020062372,5,5,ok,
auto_v2,direct,fft,complex128,16384,256,contiguous,,direct_fft_complex128_16384_256_contiguous_,30.7168780128,30.652777059,0.060104066506,5,1,ok,
auto_v2,direct,fft,complex128,32768,8,contiguous,,direct_fft_complex128_32768_8_contiguous_,1.77317167011,1.7669627236,0.00362182941495,5,18,ok,
auto_v2,direct,fft,complex128,32768,32,contiguous,,direct_fft_complex128_32768_32_contiguous_,7.37055050558,7.30187774752,0.0292577315122,5,4,ok,
auto_v2,direct,fft,complex128,32768,64,contiguous,,direct_fft_complex128_32768_64_contiguous_,17.0280740131,16.9306700118,0.0693710171618,5,2,ok,
auto_v2,direct,fft,complex128,32768,256,contiguous,,direct_fft_complex128_32768_256_contiguous_,66.6853960138,66.5839239955,0.0732790213078,5,1,ok,
auto_v2,direct,fft,complex128,65536,8,contiguous,,direct_fft_complex128_65536_8_contiguous_,3.99876188021,3.86029756111,0.0157342292368,5,9,ok,
auto_v2,direct,fft,complex128,65536,32,contiguous,,direct_fft_complex128_65536_32_contiguous_,18.0162390461,17.8210299928,0.11747283861,5,1,ok,
auto_v2,direct,fft,complex128,65536,64,contiguous,,direct_fft_complex128_65536_64_contiguous_,35.2603769861,35.2343990235,0.0259779626504,5,1,ok,
auto_v2,direct,fft,complex128,65536,256,contiguous,,direct_fft_complex128_65536_256_contiguous_,140.646464075,139.902355033,0.744109041989,5,1,ok,
auto_v2,direct,ifft,complex64,8192,8,contiguous,,direct_ifft_complex64_8192_8_contiguous_,0.347730318975,0.344004870082,0.000999433973777,5,69,ok,
auto_v2,direct,ifft,complex64,8192,32,contiguous,,direct_ifft_complex64_8192_32_contiguous_,1.27543155104,1.27421924844,0.00121230259538,5,20,ok,
auto_v2,direct,ifft,complex64,8192,64,contiguous,,direct_ifft_complex64_8192_64_contiguous_,2.52191400012,2.47431699581,0.0109853885638,5,13,ok,
auto_v2,direct,ifft,complex64,8192,256,contiguous,,direct_ifft_complex64_8192_256_contiguous_,10.1187919887,10.0466086684,0.0458099724104,5,3,ok,
auto_v2,direct,ifft,complex64,16384,8,contiguous,,direct_ifft_complex64_16384_8_contiguous_,0.662480853498,0.659381499281,0.00166009995155,5,20,ok,
auto_v2,direct,ifft,complex64,16384,32,contiguous,,direct_ifft_complex64_16384_32_contiguous_,2.56657700699,2.54614292107,0.0204340859245,5,13,ok,
auto_v2,direct,ifft,complex64,16384,64,contiguous,,direct_ifft_complex64_16384_64_contiguous_,5.05904034556,5.03208267037,0.0182763324119,5,6,ok,
auto_v2,direct,ifft,complex64,16384,256,contiguous,,direct_ifft_complex64_16384_256_contiguous_,22.374257911,22.3323489772,0.0368501059711,5,1,ok,
auto_v2,direct,ifft,complex64,32768,8,contiguous,,direct_ifft_complex64_32768_8_contiguous_,1.39604134602,1.39363074559,0.000351155176759,5,20,ok,
auto_v2,direct,ifft,complex64,32768,32,contiguous,,direct_ifft_complex64_32768_32_contiguous_,5.38798951311,5.37891899391,0.00632364147653,5,6,ok,
auto_v2,direct,ifft,complex64,32768,64,contiguous,,direct_ifft_complex64_32768_64_contiguous_,11.1493759711,11.0194029985,0.0168083546062,5,3,ok,
auto_v2,direct,ifft,complex64,32768,256,contiguous,,direct_ifft_complex64_32768_256_contiguous_,48.0873060878,47.9929170106,0.094389077276,5,1,ok,
auto_v2,direct,ifft,complex64,65536,8,contiguous,,direct_ifft_complex64_65536_8_contiguous_,3.1486294571,3.12108727468,0.00892690679228,5,11,ok,
auto_v2,direct,ifft,complex64,65536,32,contiguous,,direct_ifft_complex64_65536_32_contiguous_,12.4908115249,12.4766849913,0.0100089819171,5,2,ok,
auto_v2,direct,ifft,complex64,65536,64,contiguous,,direct_ifft_complex64_65536_64_contiguous_,27.0039499737,26.6061580041,0.0736500369385,5,1,ok,
auto_v2,direct,ifft,complex64,65536,256,contiguous,,direct_ifft_complex64_65536_256_contiguous_,105.661175912,105.44996697,0.106642022729,5,1,ok,
auto_v2,direct,ifft,complex128,8192,8,contiguous,,direct_ifft_complex128_8192_8_contiguous_,0.363316633465,0.361730235026,0.000259912613889,5,68,ok,
auto_v2,direct,ifft,complex128,8192,32,contiguous,,direct_ifft_complex128_8192_32_contiguous_,1.36846810346,1.36298825382,0.00547984964214,5,20,ok,
auto_v2,direct,ifft,complex128,8192,64,contiguous,,direct_ifft_complex128_8192_64_contiguous_,2.74434508174,2.70829266325,0.0186477554962,5,12,ok,
auto_v2,direct,ifft,complex128,8192,256,contiguous,,direct_ifft_complex128_8192_256_contiguous_,13.6533870245,13.433230517,0.196181004867,5,2,ok,
auto_v2,direct,ifft,complex128,16384,8,contiguous,,direct_ifft_complex128_16384_8_contiguous_,0.860703055514,0.857307150727,0.00154140288942,5,20,ok,
auto_v2,direct,ifft,complex128,16384,32,contiguous,,direct_ifft_complex128_16384_32_contiguous_,3.41658759862,3.38523529936,0.0192914973013,5,10,ok,
auto_v2,direct,ifft,complex128,16384,64,contiguous,,direct_ifft_complex128_16384_64_contiguous_,7.52189927152,7.08958850009,0.22002652986,5,4,ok,
auto_v2,direct,ifft,complex128,16384,256,contiguous,,direct_ifft_complex128_16384_256_contiguous_,32.1678849868,31.9960790221,0.147729879245,5,1,ok,
auto_v2,direct,ifft,complex128,32768,8,contiguous,,direct_ifft_complex128_32768_8_contiguous_,1.8482593328,1.82404127877,0.000247117390649,5,18,ok,
auto_v2,direct,ifft,complex128,32768,32,contiguous,,direct_ifft_complex128_32768_32_contiguous_,7.66666323761,7.60190823348,0.0647550041322,5,4,ok,
auto_v2,direct,ifft,complex128,32768,64,contiguous,,direct_ifft_complex128_32768_64_contiguous_,17.3967570299,17.301055952,0.0866339541972,5,1,ok,
auto_v2,direct,ifft,complex128,32768,256,contiguous,,direct_ifft_complex128_32768_256_contiguous_,68.6515669804,68.4784799814,0.129726016894,5,1,ok,
auto_v2,direct,ifft,complex128,65536,8,contiguous,,direct_ifft_complex128_65536_8_contiguous_,4.00956024532,3.99386050412,0.0110182445496,5,8,ok,
auto_v2,direct,ifft,complex128,65536,32,contiguous,,direct_ifft_complex128_65536_32_contiguous_,18.3230610564,18.2518159272,0.0712451292202,5,1,ok,
auto_v2,direct,ifft,complex128,65536,64,contiguous,,direct_ifft_complex128_65536_64_contiguous_,36.3994539948,36.2819110742,0.0728670274839,5,1,ok,
auto_v2,direct,ifft,complex128,65536,256,contiguous,,direct_ifft_complex128_65536_256_contiguous_,143.615753041,143.509001005,0.106752035208,5,1,ok,
auto_v2,direct,rfft,float32,8192,8,contiguous,,direct_rfft_float32_8192_8_contiguous_,0.159473291812,0.158231292314,0.0006882506164,5,144,ok,
auto_v2,direct,rfft,float32,8192,32,contiguous,,direct_rfft_float32_8192_32_contiguous_,0.597488350468,0.595231098123,0.00189209822565,5,20,ok,
auto_v2,direct,rfft,float32,8192,64,contiguous,,direct_rfft_float32_8192_64_contiguous_,1.17625080165,1.17495685117,0.00129395048134,5,20,ok,
auto_v2,direct,rfft,float32,8192,256,contiguous,,direct_rfft_float32_8192_256_contiguous_,4.66932780109,4.66073960997,0.00471901148558,5,5,ok,
auto_v2,direct,rfft,float32,16384,8,contiguous,,direct_rfft_float32_16384_8_contiguous_,0.375924503896,0.373424805002,0.000417296541855,5,20,ok,
auto_v2,direct,rfft,float32,16384,32,contiguous,,direct_rfft_float32_16384_32_contiguous_,1.49668679805,1.46948835463,0.00307229929604,5,20,ok,
auto_v2,direct,rfft,float32,16384,64,contiguous,,direct_rfft_float32_16384_64_contiguous_,2.96326136132,2.94659891039,0.0166624509306,5,11,ok,
auto_v2,direct,rfft,float32,16384,256,contiguous,,direct_rfft_float32_16384_256_contiguous_,11.9032040238,11.8258530274,0.0284694833681,5,2,ok,
auto_v2,direct,rfft,float32,32768,8,contiguous,,direct_rfft_float32_32768_8_contiguous_,0.838911801111,0.837983598467,0.000928202643991,5,20,ok,
auto_v2,direct,rfft,float32,32768,32,contiguous,,direct_rfft_float32_32768_32_contiguous_,3.35323170293,3.28626789851,0.0096412957646,5,10,ok,
auto_v2,direct,rfft,float32,32768,64,contiguous,,direct_rfft_float32_32768_64_contiguous_,6.50827640202,6.4864812186,0.0217951834202,5,5,ok,
auto_v2,direct,rfft,float32,32768,256,contiguous,,direct_rfft_float32_32768_256_contiguous_,27.8628460364,27.8244739166,0.0383721198887,5,1,ok,
auto_v2,direct,rfft,float32,65536,8,contiguous,,direct_rfft_float32_65536_8_contiguous_,1.72486064839,1.7096323485,0.0114766997285,5,20,ok,
auto_v2,direct,rfft,float32,65536,32,contiguous,,direct_rfft_float32_65536_32_contiguous_,6.82102020364,6.81191079784,0.00691500026733,5,5,ok,
auto_v2,direct,rfft,float32,65536,64,contiguous,,direct_rfft_float32_65536_64_contiguous_,13.5558269685,13.4187475196,0.0372149515897,5,2,ok,
auto_v2,direct,rfft,float32,65536,256,contiguous,,direct_rfft_float32_65536_256_contiguous_,57.6313290512,57.372389012,0.067688873969,5,1,ok,
auto_v2,direct,rfft,float64,8192,8,contiguous,,direct_rfft_float64_8192_8_contiguous_,0.130023814099,0.129430079857,0.000202132294826,5,188,ok,
auto_v2,direct,rfft,float64,8192,32,contiguous,,direct_rfft_float64_8192_32_contiguous_,0.483931449708,0.481323001441,0.00196119653992,5,20,ok,
auto_v2,direct,rfft,float64,8192,64,contiguous,,direct_rfft_float64_8192_64_contiguous_,0.95799525152,0.951630651252,0.00380725250579,5,20,ok,
auto_v2,direct,rfft,float64,8192,256,contiguous,,direct_rfft_float64_8192_256_contiguous_,3.97241460159,3.94844920374,0.023049605079,5,5,ok,
auto_v2,direct,rfft,float64,16384,8,contiguous,,direct_rfft_float64_16384_8_contiguous_,0.407265347894,0.404348300071,0.00150289852172,5,20,ok,
auto_v2,direct,rfft,float64,16384,32,contiguous,,direct_rfft_float64_16384_32_contiguous_,1.55561935389,1.55088089523,0.000836554681882,5,20,ok,
auto_v2,direct,rfft,float64,16384,64,contiguous,,direct_rfft_float64_16384_64_contiguous_,3.11414009193,3.07657710509,0.0139936106279,5,10,ok,
auto_v2,direct,rfft,float64,16384,256,contiguous,,direct_rfft_float64_16384_256_contiguous_,14.9712765124,14.8478174815,0.021240033675,5,2,ok,
auto_v2,direct,rfft,float64,32768,8,contiguous,,direct_rfft_float64_32768_8_contiguous_,0.932335149264,0.921862805262,0.000560050830245,5,20,ok,
auto_v2,direct,rfft,float64,32768,32,contiguous,,direct_rfft_float64_32768_32_contiguous_,3.67815388987,3.65870711135,0.0194467785251,5,9,ok,
auto_v2,direct,rfft,float64,32768,64,contiguous,,direct_rfft_float64_32768_64_contiguous_,7.64928525314,7.58636623505,0.0234392646234,5,4,ok,
auto_v2,direct,rfft,float64,32768,256,contiguous,,direct_rfft_float64_32768_256_contiguous_,34.2733500293,34.1273730155,0.0151989515871,5,1,ok,
auto_v2,direct,rfft,float64,65536,8,contiguous,,direct_rfft_float64_65536_8_contiguous_,2.00211412191,1.99014917427,0.00142681357615,5,17,ok,
auto_v2,direct,rfft,float64,65536,32,contiguous,,direct_rfft_float64_65536_32_contiguous_,8.20498974645,8.15034875995,0.0240904919337,5,4,ok,
auto_v2,direct,rfft,float64,65536,64,contiguous,,direct_rfft_float64_65536_64_contiguous_,18.3851079782,18.317598966,0.0300770625472,5,1,ok,
auto_v2,direct,rfft,float64,65536,256,contiguous,,direct_rfft_float64_65536_256_contiguous_,73.5945540946,73.3376069693,0.151808024384,5,1,ok,
auto_v2,direct,irfft,complex64,8192,8,contiguous,,direct_irfft_complex64_8192_8_contiguous_,0.114483734942,0.113824839937,0.000332130002789,5,200,ok,
auto_v2,direct,irfft,complex64,8192,32,contiguous,,direct_irfft_complex64_8192_32_contiguous_,0.423889799276,0.421941099921,0.000108702806756,5,20,ok,
auto_v2,direct,irfft,complex64,8192,64,contiguous,,direct_irfft_complex64_8192_64_contiguous_,0.820079201367,0.814777147025,0.00124840298668,5,20,ok,
auto_v2,direct,irfft,complex64,8192,256,contiguous,,direct_irfft_complex64_8192_256_contiguous_,3.21316539776,3.20164579898,0.00701299868524,5,5,ok,
auto_v2,direct,irfft,complex64,16384,8,contiguous,,direct_irfft_complex64_16384_8_contiguous_,0.2812237537,0.28053294518,0.000290502794087,5,20,ok,
auto_v2,direct,irfft,complex64,16384,32,contiguous,,direct_irfft_complex64_16384_32_contiguous_,1.06635430129,1.06476630317,0.000929256202653,5,20,ok,
auto_v2,direct,irfft,complex64,16384,64,contiguous,,direct_irfft_complex64_16384_64_contiguous_,2.09546862607,2.08935768751,0.00153787550516,5,16,ok,
auto_v2,direct,irfft,complex64,16384,256,contiguous,,direct_irfft_complex64_16384_256_contiguous_,8.40745051391,8.35487074801,0.0525797659066,5,4,ok,
auto_v2,direct,irfft,complex64,32768,8,contiguous,,direct_irfft_complex64_32768_8_contiguous_,0.632077804767,0.629285053583,0.00279275118373,5,20,ok,
auto_v2,direct,irfft,complex64,32768,32,contiguous,,direct_irfft_complex64_32768_32_contiguous_,2.51039649759,2.48589863934,0.0133660006603,5,14,ok,
auto_v2,direct,irfft,complex64,32768,64,contiguous,,direct_irfft_complex64_32768_64_contiguous_,5.00089719426,4.95132741053,0.00264700502157,5,5,ok,
auto_v2,direct,irfft,complex64,32768,256,contiguous,,direct_irfft_complex64_32768_256_contiguous_,21.7302690726,21.6747639934,0.0555050792173,5,1,ok,
auto_v2,direct,irfft,complex64,65536,8,contiguous,,direct_irfft_complex64_65536_8_contiguous_,1.30802674685,1.30680039874,0.00122634810396,5,20,ok,
auto_v2,direct,irfft,complex64,65536,32,contiguous,,direct_irfft_complex64_65536_32_contiguous_,5.19411698915,5.18281960394,0.0112973852083,5,5,ok,
auto_v2,direct,irfft,complex64,65536,64,contiguous,,direct_irfft_complex64_65536_64_contiguous_,10.4718433383,10.4264339898,0.0161403246845,5,3,ok,
auto_v2,direct,irfft,complex64,65536,256,contiguous,,direct_irfft_complex64_65536_256_contiguous_,46.2095309049,45.9669219563,0.242608948611,5,1,ok,
auto_v2,direct,irfft,complex128,8192,8,contiguous,,direct_irfft_complex128_8192_8_contiguous_,0.15207270396,0.15165153704,0.000390981576969,5,162,ok,
auto_v2,direct,irfft,complex128,8192,32,contiguous,,direct_irfft_complex128_8192_32_contiguous_,0.564351154026,0.563595752465,0.000669795554131,5,20,ok,
auto_v2,direct,irfft,complex128,8192,64,contiguous,,direct_irfft_complex128_8192_64_contiguous_,1.11912919674,1.11825905042,0.000870146322995,5,20,ok,
auto_v2,direct,irfft,complex128,8192,256,contiguous,,direct_irfft_complex128_8192_256_contiguous_,4.53111601528,4.51338239945,0.0177336158231,5,5,ok,
auto_v2,direct,irfft,complex128,16384,8,contiguous,,direct_irfft_complex128_16384_8_contiguous_,0.424532499164,0.42182590114,0.00248370342888,5,20,ok,
auto_v2,direct,irfft,complex128,16384,32,contiguous,,direct_irfft_complex128_16384_32_contiguous_,1.64516884834,1.63816804998,0.00292305485345,5,20,ok,
auto_v2,direct,irfft,complex128,16384,64,contiguous,,direct_irfft_complex128_16384_64_contiguous_,3.28787600156,3.26805140357,0.0198245979846,5,10,ok,
auto_v2,direct,irfft,complex128,16384,256,contiguous,,direct_irfft_complex128_16384_256_contiguous_,15.4956040205,15.3098374722,0.185766548384,5,2,ok,
auto_v2,direct,irfft,complex128,32768,8,contiguous,,direct_irfft_complex128_32768_8_contiguous_,1.00130515057,0.991385400994,0.00991974957287,5,20,ok,
auto_v2,direct,irfft,complex128,32768,32,contiguous,,direct_irfft_complex128_32768_32_contiguous_,3.95394625957,3.93724575406,0.00530124816578,5,8,ok,
auto_v2,direct,irfft,complex128,32768,64,contiguous,,direct_irfft_complex128_32768_64_contiguous_,8.00715276273,7.92900225497,0.0544807116967,5,4,ok,
auto_v2,direct,irfft,complex128,32768,256,contiguous,,direct_irfft_complex128_32768_256_contiguous_,36.0885550035,35.9628869919,0.125668011606,5,1,ok,
auto_v2,direct,irfft,complex128,65536,8,contiguous,,direct_irfft_complex128_65536_8_contiguous_,2.14921287261,2.13626018376,0.00352037750417,5,16,ok,
auto_v2,direct,irfft,complex128,65536,32,contiguous,,direct_irfft_complex128_65536_32_contiguous_,8.51232899004,8.46013001865,0.0464727636427,5,4,ok,
auto_v2,direct,irfft,complex128,65536,64,contiguous,,direct_irfft_complex128_65536_64_contiguous_,19.4869330153,19.3636500044,0.0727080041543,5,1,ok,
auto_v2,direct,irfft,complex128,65536,256,contiguous,,direct_irfft_complex128_65536_256_contiguous_,78.1617269386,77.8207619442,0.146458041854,5,1,ok,
policy_v2,direct,fft,complex64,8192,8,contiguous,,direct_fft_complex64_8192_8_contiguous_,0.341522841648,0.3377120576,0.00214848800429,5,70,ok,
policy_v2,direct,fft,complex64,8192,32,contiguous,,direct_fft_complex64_8192_32_contiguous_,1.25562250032,1.24141264823,0.00543525093235,5,20,ok,
policy_v2,direct,fft,complex64,8192,64,contiguous,,direct_fft_complex64_8192_64_contiguous_,2.45089600295,2.43986007159,0.00550256143989,5,14,ok,
policy_v2,direct,fft,complex64,8192,256,contiguous,,direct_fft_complex64_8192_256_contiguous_,10.2425829973,10.1391706849,0.0775033064807,5,3,ok,
policy_v2,direct,fft,complex64,16384,8,contiguous,,direct_fft_complex64_16384_8_contiguous_,0.661103246966,0.655889400514,0.00368150067516,5,20,ok,
policy_v2,direct,fft,complex64,16384,32,contiguous,,direct_fft_complex64_16384_32_contiguous_,2.63144830779,2.53266822368,0.0413605370201,5,13,ok,
policy_v2,direct,fft,complex64,16384,64,contiguous,,direct_fft_complex64_16384_64_contiguous_,5.08690134545,5.0689408284,0.00421982258558,5,6,ok,
policy_v2,direct,fft,complex64,16384,256,contiguous,,direct_fft_complex64_16384_256_contiguous_,22.5776529405,22.5553310011,0.0223219394684,5,1,ok,
policy_v2,direct,fft,complex64,32768,8,contiguous,,direct_fft_complex64_32768_8_contiguous_,1.39058794593,1.38828164781,0.00230629811995,5,20,ok,
policy_v2,direct,fft,complex64,32768,32,contiguous,,direct_fft_complex64_32768_32_contiguous_,5.41592418449,5.37985916405,0.0180056473861,5,6,ok,
policy_v2,direct,fft,complex64,32768,64,contiguous,,direct_fft_complex64_32768_64_contiguous_,11.1450909947,11.0755893402,0.0321143306792,5,3,ok,
policy_v2,direct,fft,complex64,32768,256,contiguous,,direct_fft_complex64_32768_256_contiguous_,46.8485710444,46.7492330354,0.0993380090222,5,1,ok,
policy_v2,direct,fft,complex64,65536,8,contiguous,,direct_fft_complex64_65536_8_contiguous_,3.13259453767,3.12676353761,0.0047033589164,5,11,ok,
policy_v2,direct,fft,complex64,65536,32,contiguous,,direct_fft_complex64_65536_32_contiguous_,12.6696249936,12.6022725017,0.0673524918966,5,2,ok,
policy_v2,direct,fft,complex64,65536,64,contiguous,,direct_fft_complex64_65536_64_contiguous_,26.7382680904,26.663896977,0.00749411992729,5,1,ok,
policy_v2,direct,fft,complex64,65536,256,contiguous,,direct_fft_complex64_65536_256_contiguous_,106.586628011,106.146895094,0.170283019543,5,1,ok,
policy_v2,direct,fft,complex128,8192,8,contiguous,,direct_fft_complex128_8192_8_contiguous_,0.352692776429,0.349085493041,0.00169171791857,5,67,ok,
policy_v2,direct,fft,complex128,8192,32,contiguous,,direct_fft_complex128_8192_32_contiguous_,1.31191709661,1.30172279896,0.0011371972505,5,20,ok,
policy_v2,direct,fft,complex128,8192,64,contiguous,,direct_fft_complex128_8192_64_contiguous_,2.58914969611,2.58431984828,0.00158992882531,5,13,ok,
policy_v2,direct,fft,complex128,8192,256,contiguous,,direct_fft_complex128_8192_256_contiguous_,12.7135029761,12.6130380086,0.0569125404581,5,2,ok,
policy_v2,direct,fft,complex128,16384,8,contiguous,,direct_fft_complex128_16384_8_contiguous_,0.830244453391,0.826250348473,0.00173019943759,5,20,ok,
policy_v2,direct,fft,complex128,16384,32,contiguous,,direct_fft_complex128_16384_32_contiguous_,3.30294660525,3.27581120655,0.0211929902434,5,10,ok,
policy_v2,direct,fft,complex128,16384,64,contiguous,,direct_fft_complex128_16384_64_contiguous_,6.82264519855,6.76851700991,0.0158119946718,5,5,ok,
policy_v2,direct,fft,complex128,16384,256,contiguous,,direct_fft_complex128_16384_256_contiguous_,30.9926100308,30.9265250107,0.0660850200802,5,1,ok,
policy_v2,direct,fft,complex128,32768,8,contiguous,,direct_fft_complex128_32768_8_contiguous_,1.83607017001,1.82966855613,0.00640161387208,5,18,ok,
policy_v2,direct,fft,complex128,32768,32,contiguous,,direct_fft_complex128_32768_32_contiguous_,7.38076225389,7.3763540131,0.00440824078396,5,4,ok,
policy_v2,direct,fft,complex128,32768,64,contiguous,,direct_fft_complex128_32768_64_contiguous_,17.0570689952,16.9881135225,0.0221725204028,5,2,ok,
policy_v2,direct,fft,complex128,32768,256,contiguous,,direct_fft_complex128_32768_256_contiguous_,66.5120679187,66.3173990324,0.0510460231453,5,1,ok,
policy_v2,direct,fft,complex128,65536,8,contiguous,,direct_fft_complex128_65536_8_contiguous_,4.00890222388,3.98712311613,0.00481144525111,5,9,ok,
policy_v2,direct,fft,complex128,65536,32,contiguous,,direct_fft_complex128_65536_32_contiguous_,18.0270299315,17.9012420122,0.0179940834641,5,1,ok,
policy_v2,direct,fft,complex128,65536,64,contiguous,,direct_fft_complex128_65536_64_contiguous_,35.630407976,35.4994699592,0.0858530402184,5,1,ok,
policy_v2,direct,fft,complex128,65536,256,contiguous,,direct_fft_complex128_65536_256_contiguous_,141.056549968,140.539321001,0.51722896751,5,1,ok,
policy_v2,direct,ifft,complex64,8192,8,contiguous,,direct_ifft_complex64_8192_8_contiguous_,0.334760191697,0.334167685551,8.73003282571e-05,5,73,ok,
policy_v2,direct,ifft,complex64,8192,32,contiguous,,direct_ifft_complex64_8192_32_contiguous_,1.24641609727,1.24339385075,0.000875146361068,5,20,ok,
policy_v2,direct,ifft,complex64,8192,64,contiguous,,direct_ifft_complex64_8192_64_contiguous_,2.51255553359,2.50906976334,0.00285922298924,5,13,ok,
policy_v2,direct,ifft,complex64,8192,256,contiguous,,direct_ifft_complex64_8192_256_contiguous_,10.4857233431,10.4395926464,0.00937803027531,5,3,ok,
policy_v2,direct,ifft,complex64,16384,8,contiguous,,direct_ifft_complex64_16384_8_contiguous_,0.682921550469,0.677780347178,0.00454160035588,5,20,ok,
policy_v2,direct,ifft,complex64,16384,32,contiguous,,direct_ifft_complex64_16384_32_contiguous_,2.62454830898,2.60825592201,0.00472499344211,5,13,ok,
policy_v2,direct,ifft,complex64,16384,64,contiguous,,direct_ifft_complex64_16384_64_contiguous_,5.12447749497,5.08020199292,0.0175783255448,5,6,ok,
policy_v2,direct,ifft,complex64,16384,256,contiguous,,direct_ifft_complex64_16384_256_contiguous_,22.6194519782,22.4226500141,0.196801964194,5,1,ok,
policy_v2,direct,ifft,complex64,32768,8,contiguous,,direct_ifft_complex64_32768_8_contiguous_,1.39810569817,1.39305765042,0.00504804775119,5,20,ok,
policy_v2,direct,ifft,complex64,32768,32,contiguous,,direct_ifft_complex64_32768_32_contiguous_,5.49987299989,5.47610966411,0.0134236761369,5,6,ok,
policy_v2,direct,ifft,complex64,32768,64,contiguous,,direct_ifft_complex64_32768_64_contiguous_,11.1699083354,11.1217069983,0.0163269772505,5,3,ok,
policy_v2,direct,ifft,complex64,32768,256,contiguous,,direct_ifft_complex64_32768_256_contiguous_,47.6092699682,47.4511709763,0.12159103062,5,1,ok,
policy_v2,direct,ifft,complex64,65536,8,contiguous,,direct_ifft_complex64_65536_8_contiguous_,3.13313554083,3.12286063986,0.00483281275427,5,11,ok,
policy_v2,direct,ifft,complex64,65536,32,contiguous,,direct_ifft_complex64_65536_32_contiguous_,12.5963964965,12.5449635088,0.0514329876751,5,2,ok,
policy_v2,direct,ifft,complex64,65536,64,contiguous,,direct_ifft_complex64_65536_64_contiguous_,26.9363629632,26.5934329946,0.012394040823,5,1,ok,
policy_v2,direct,ifft,complex64,65536,256,contiguous,,direct_ifft_complex64_65536_256_contiguous_,107.119005988,106.927193003,0.191812985577,5,1,ok,
policy_v2,direct,ifft,complex128,8192,8,contiguous,,direct_ifft_complex128_8192_8_contiguous_,0.367091569261,0.364285492553,0.00139017087909,5,65,ok,
policy_v2,direct,ifft,complex128,8192,32,contiguous,,direct_ifft_complex128_8192_32_contiguous_,1.37765249819,1.36988679878,0.00158849870786,5,20,ok,
policy_v2,direct,ifft,complex128,8192,64,contiguous,,direct_ifft_complex128_8192_64_contiguous_,2.75851525172,2.7509216646,0.0072888409098,5,12,ok,
policy_v2,direct,ifft,complex128,8192,256,contiguous,,direct_ifft_complex128_8192_256_contiguous_,13.3620654815,13.2715044892,0.0679085496813,5,2,ok,
policy_v2,direct,ifft,complex128,16384,8,contiguous,,direct_ifft_complex128_16384_8_contiguous_,0.86364914896,0.862042105291,0.000371702481061,5,20,ok,
policy_v2,direct,ifft,complex128,16384,32,contiguous,,direct_ifft_complex128_16384_32_contiguous_,3.42898121259,3.42370788308,0.00527332950797,5,9,ok,
policy_v2,direct,ifft,complex128,16384,64,contiguous,,direct_ifft_complex128_16384_64_contiguous_,7.00940177194,6.98618523893,0.023216533009,5,4,ok,
policy_v2,direct,ifft,complex128,16384,256,contiguous,,direct_ifft_complex128_16384_256_contiguous_,32.2594980244,32.1580860764,0.101411947981,5,1,ok,
policy_v2,direct,ifft,complex128,32768,8,contiguous,,direct_ifft_complex128_32768_8_contiguous_,1.88727676868,1.88302341164,0.00288724378847,5,17,ok,
policy_v2,direct,ifft,complex128,32768,32,contiguous,,direct_ifft_complex128_32768_32_contiguous_,7.71547824843,7.65976277762,0.0327667512465,5,4,ok,
policy_v2,direct,ifft,complex128,32768,64,contiguous,,direct_ifft_complex128_32768_64_contiguous_,17.4823039561,17.3009209684,0.1154235797,5,2,ok,
policy_v2,direct,ifft,complex128,32768,256,contiguous,,direct_ifft_complex128_32768_256_contiguous_,68.2276950683,68.0403709412,0.0957701122388,5,1,ok,
policy_v2,direct,ifft,complex128,65536,8,contiguous,,direct_ifft_complex128_65536_8_contiguous_,4.0051368851,3.98857299297,0.00217913475353,5,8,ok,
policy_v2,direct,ifft,complex128,65536,32,contiguous,,direct_ifft_complex128_65536_32_contiguous_,18.5737849679,18.3957479894,0.099309021607,5,1,ok,
policy_v2,direct,ifft,complex128,65536,64,contiguous,,direct_ifft_complex128_65536_64_contiguous_,36.3158360124,36.2416350981,0.0742009142414,5,1,ok,
policy_v2,direct,ifft,complex128,65536,256,contiguous,,direct_ifft_complex128_65536_256_contiguous_,144.260974019,143.982307054,0.197364017367,5,1,ok,
policy_v2,direct,rfft,float32,8192,8,contiguous,,direct_rfft_float32_8192_8_contiguous_,0.161892718521,0.161219657756,0.000450642913427,5,146,ok,
policy_v2,direct,rfft,float32,8192,32,contiguous,,direct_rfft_float32_8192_32_contiguous_,0.606335647171,0.602586497553,0.000316143268719,5,20,ok,
policy_v2,direct,rfft,float32,8192,64,contiguous,,direct_rfft_float32_8192_64_contiguous_,1.19152225088,1.18473084876,0.00679140212014,5,20,ok,
policy_v2,direct,rfft,float32,8192,256,contiguous,,direct_rfft_float32_8192_256_contiguous_,4.76890001446,4.73516439088,0.0164753990248,5,5,ok,
policy_v2,direct,rfft,float32,16384,8,contiguous,,direct_rfft_float32_16384_8_contiguous_,0.380419549765,0.377626705449,0.00279284431599,5,20,ok,
policy_v2,direct,rfft,float32,16384,32,contiguous,,direct_rfft_float32_16384_32_contiguous_,1.46951789502,1.45764895133,0.00437780981883,5,20,ok,
policy_v2,direct,rfft,float32,16384,64,contiguous,,direct_rfft_float32_16384_64_contiguous_,2.91949241849,2.90317408508,0.00570491344358,5,12,ok,
policy_v2,direct,rfft,float32,16384,256,contiguous,,direct_rfft_float32_16384_256_contiguous_,11.671079963,11.6657094914,0.00376696698368,5,2,ok,
policy_v2,direct,rfft,float32,32768,8,contiguous,,direct_rfft_float32_32768_8_contiguous_,0.854123104364,0.850063399412,0.00401410507038,5,20,ok,
policy_v2,direct,rfft,float32,32768,32,contiguous,,direct_rfft_float32_32768_32_contiguous_,3.40296280337,3.3756049932,0.0204267911613,5,10,ok,
policy_v2,direct,rfft,float32,32768,64,contiguous,,direct_rfft_float32_32768_64_contiguous_,6.74219098873,6.70604859479,0.0318581936881,5,5,ok,
policy_v2,direct,rfft,float32,32768,256,contiguous,,direct_rfft_float32_32768_256_contiguous_,28.5479330923,28.3232280053,0.224705087021,5,1,ok,
policy_v2,direct,rfft,float32,65536,8,contiguous,,direct_rfft_float32_65536_8_contiguous_,1.69548105332,1.69320320128,0.00225425465032,5,20,ok,
policy_v2,direct,rfft,float32,65536,32,contiguous,,direct_rfft_float32_65536_32_contiguous_,6.92514120601,6.90335601103,0.00577298924327,5,5,ok,
policy_v2,direct,rfft,float32,65536,64,contiguous,,direct_rfft_float32_65536_64_contiguous_,13.5729344911,13.4245434892,0.0441235024482,5,2,ok,
policy_v2,direct,rfft,float32,65536,256,contiguous,,direct_rfft_float32_65536_256_contiguous_,57.724075974,57.6525999932,0.0714759808034,5,1,ok,
policy_v2,direct,rfft,float64,8192,8,contiguous,,direct_rfft_float64_8192_8_contiguous_,0.132623171686,0.132048552732,0.000200380355079,5,181,ok,
policy_v2,direct,rfft,float64,8192,32,contiguous,,direct_rfft_float64_8192_32_contiguous_,0.490310048917,0.489460903918,0.000849144998938,5,20,ok,
policy_v2,direct,rfft,float64,8192,64,contiguous,,direct_rfft_float64_8192_64_contiguous_,0.968394399388,0.964314647717,0.00407975167036,5,20,ok,
policy_v2,direct,rfft,float64,8192,256,contiguous,,direct_rfft_float64_8192_256_contiguous_,4.03255859856,4.01194961742,0.0153447967023,5,5,ok,
policy_v2,direct,rfft,float64,16384,8,contiguous,,direct_rfft_float64_16384_8_contiguous_,0.404740049271,0.404256145703,0.000483903568238,5,20,ok,
policy_v2,direct,rfft,float64,16384,32,contiguous,,direct_rfft_float64_16384_32_contiguous_,1.56342865084,1.55690325191,0.00411529908888,5,20,ok,
policy_v2,direct,rfft,float64,16384,64,contiguous,,direct_rfft_float64_16384_64_contiguous_,3.12114735557,3.10550055424,0.0144289912317,5,11,ok,
policy_v2,direct,rfft,float64,16384,256,contiguous,,direct_rfft_float64_16384_256_contiguous_,14.817385003,14.6898034727,0.0543579808436,5,2,ok,
policy_v2,direct,rfft,float64,32768,8,contiguous,,direct_rfft_float64_32768_8_contiguous_,0.93867314863,0.936036149506,0.00225830008276,5,20,ok,
policy_v2,direct,rfft,float64,32768,32,contiguous,,direct_rfft_float64_32768_32_contiguous_,3.72669100761,3.68413800607,0.0334947544616,5,8,ok,
policy_v2,direct,rfft,float64,32768,64,contiguous,,direct_rfft_float64_32768_64_contiguous_,7.69683299586,7.61579474784,0.0176232424565,5,4,ok,
policy_v2,direct,rfft,float64,32768,256,contiguous,,direct_rfft_float64_32768_256_contiguous_,34.7162580583,34.3506759964,0.183406984434,5,1,ok,
policy_v2,direct,rfft,float64,65536,8,contiguous,,direct_rfft_float64_65536_8_contiguous_,2.00422934722,1.99776411276,0.000881702255677,5,17,ok,
policy_v2,direct,rfft,float64,65536,32,contiguous,,direct_rfft_float64_65536_32_contiguous_,8.25559798977,8.20973850205,0.024556502467,5,4,ok,
policy_v2,direct,rfft,float64,65536,64,contiguous,,direct_rfft_float64_65536_64_contiguous_,18.7649670988,18.7169560231,0.0480110757053,5,1,ok,
policy_v2,direct,rfft,float64,65536,256,contiguous,,direct_rfft_float64_65536_256_contiguous_,73.8133980194,73.4791549621,0.0238450011238,5,1,ok,
policy_v2,direct,irfft,complex64,8192,8,contiguous,,direct_irfft_complex64_8192_8_contiguous_,0.110575334984,0.110345749999,0.000229584984481,5,200,ok,
policy_v2,direct,irfft,complex64,8192,32,contiguous,,direct_irfft_complex64_8192_32_contiguous_,0.403211649973,0.398056901759,0.00138415489346,5,20,ok,
policy_v2,direct,irfft,complex64,8192,64,contiguous,,direct_irfft_complex64_8192_64_contiguous_,0.791366846533,0.781936448766,0.00138860777952,5,20,ok,
policy_v2,direct,irfft,complex64,8192,256,contiguous,,direct_irfft_complex64_8192_256_contiguous_,3.21456820238,3.2051064074,0.00906919594854,5,5,ok,
policy_v2,direct,irfft,complex64,16384,8,contiguous,,direct_irfft_complex64_16384_8_contiguous_,0.277503248071,0.277367449598,0.000135798472911,5,20,ok,
policy_v2,direct,irfft,complex64,16384,32,contiguous,,direct_irfft_complex64_16384_32_contiguous_,1.04938269942,1.03702929919,0.000671751331538,5,20,ok,
policy_v2,direct,irfft,complex64,16384,64,contiguous,,direct_irfft_complex64_16384_64_contiguous_,2.10555758574,2.07947941004,0.0103330582052,5,17,ok,
policy_v2,direct,irfft,complex64,16384,256,contiguous,,direct_irfft_complex64_16384_256_contiguous_,8.17323976662,8.13650499913,0.0123707286548,5,4,ok,
policy_v2,direct,irfft,complex64,32768,8,contiguous,,direct_irfft_complex64_32768_8_contiguous_,0.618761649821,0.617537350627,0.00122429919429,5,20,ok,
policy_v2,direct,irfft,complex64,32768,32,contiguous,,direct_irfft_complex64_32768_32_contiguous_,2.42982536188,2.4209793524,0.00831220365529,5,14,ok,
policy_v2,direct,irfft,complex64,32768,64,contiguous,,direct_irfft_complex64_32768_64_contiguous_,4.8742816085,4.84855081886,0.0257307896391,5,5,ok,
policy_v2,direct,irfft,complex64,32768,256,contiguous,,direct_irfft_complex64_32768_256_contiguous_,21.400104044,21.2970590219,0.0756930094212,5,1,ok,
policy_v2,direct,irfft,complex64,65536,8,contiguous,,direct_irfft_complex64_65536_8_contiguous_,1.29998849588,1.29776730319,0.00222119269893,5,20,ok,
policy_v2,direct,irfft,complex64,65536,32,contiguous,,direct_irfft_complex64_65536_32_contiguous_,5.07922559045,5.04058620427,0.010804599151,5,5,ok,
policy_v2,direct,irfft,complex64,65536,64,contiguous,,direct_irfft_complex64_65536_64_contiguous_,10.207423009,10.1562829999,0.00288869099071,5,3,ok,
policy_v2,direct,irfft,complex64,65536,256,contiguous,,direct_irfft_complex64_65536_256_contiguous_,44.0080550034,43.7599150464,0.0369900371879,5,1,ok,
policy_v2,direct,irfft,complex128,8192,8,contiguous,,direct_irfft_complex128_8192_8_contiguous_,0.15586637665,0.155331142845,0.000535233805029,5,154,ok,
policy_v2,direct,irfft,complex128,8192,32,contiguous,,direct_irfft_complex128_8192_32_contiguous_,0.568163848948,0.56586949504,0.00221219961531,5,20,ok,
policy_v2,direct,irfft,complex128,8192,64,contiguous,,direct_irfft_complex128_8192_64_contiguous_,1.12755615264,1.11969574937,0.00558710307814,5,20,ok,
policy_v2,direct,irfft,complex128,8192,256,contiguous,,direct_irfft_complex128_8192_256_contiguous_,4.5830704039,4.57677841187,0.00629199203104,5,5,ok,
policy_v2,direct,irfft,complex128,16384,8,contiguous,,direct_irfft_complex128_16384_8_contiguous_,0.43224710389,0.43071519467,0.000617105979472,5,20,ok,
policy_v2,direct,irfft,complex128,16384,32,contiguous,,direct_irfft_complex128_16384_32_contiguous_,1.65753075271,1.65099785081,0.000865099718794,5,20,ok,
policy_v2,direct,irfft,complex128,16384,64,contiguous,,direct_irfft_complex128_16384_64_contiguous_,3.33265669178,3.32751999376,0.00304769491777,5,10,ok,
policy_v2,direct,irfft,complex128,16384,256,contiguous,,direct_irfft_complex128_16384_256_contiguous_,15.3497525025,15.3210985009,0.0286540016532,5,2,ok,
policy_v2,direct,irfft,complex128,32768,8,contiguous,,direct_irfft_complex128_32768_8_contiguous_,0.993941246998,0.990761251887,0.000433798413724,5,20,ok,
policy_v2,direct,irfft,complex128,32768,32,contiguous,,direct_irfft_complex128_32768_32_contiguous_,4.00057699881,3.95605138328,0.00554800499231,5,8,ok,
policy_v2,direct,irfft,complex128,32768,64,contiguous,,direct_irfft_complex128_32768_64_contiguous_,7.95923199621,7.94119774946,0.0180342467502,5,4,ok,
policy_v2,direct,irfft,complex128,32768,256,contiguous,,direct_irfft_complex128_32768_256_contiguous_,35.6841599569,35.5756649515,0.106271007098,5,1,ok,
policy_v2,direct,irfft,complex128,65536,8,contiguous,,direct_irfft_complex128_65536_8_contiguous_,2.166891261,2.15688840641,0.00511906885852,5,15,ok,
policy_v2,direct,irfft,complex128,65536,32,contiguous,,direct_irfft_complex128_65536_32_contiguous_,8.54442975833,8.49841500167,0.0245837436523,5,4,ok,
policy_v2,direct,irfft,complex128,65536,64,contiguous,,direct_irfft_complex128_65536_64_contiguous_,19.1838499159,19.064803957,0.0945589272305,5,1,ok,
policy_v2,direct,irfft,complex128,65536,256,contiguous,,direct_irfft_complex128_65536_256_contiguous_,75.1794829266,75.1430850942,0.0363978324458,5,1,ok,
auto_v3,direct,fft,complex64,8192,8,contiguous,,direct_fft_complex64_8192_8_contiguous_,0.315372639646,0.313405987496,0.000368438971539,5,75,ok,
auto_v3,direct,fft,complex64,8192,32,contiguous,,direct_fft_complex64_8192_32_contiguous_,1.18169159978,1.16983670159,0.00624579843134,5,20,ok,
auto_v3,direct,fft,complex64,8192,64,contiguous,,direct_fft_complex64_8192_64_contiguous_,2.35220636075,2.34748379028,0.00472257046827,5,14,ok,
auto_v3,direct,fft,complex64,8192,256,contiguous,,direct_fft_complex64_8192_256_contiguous_,9.60909066877,9.5217586495,0.0287243165076,5,3,ok,
auto_v3,direct,fft,complex64,16384,8,contiguous,,direct_fft_complex64_16384_8_contiguous_,0.625377648976,0.624693353893,0.000684295082465,5,20,ok,
auto_v3,direct,fft,complex64,16384,32,contiguous,,direct_fft_complex64_16384_32_contiguous_,2.38454542289,2.37563856977,0.00110206227484,5,14,ok,
auto_v3,direct,fft,complex64,16384,64,contiguous,,direct_fft_complex64_16384_64_contiguous_,4.72161957129,4.69507072454,0.00426386083875,5,7,ok,
auto_v3,direct,fft,complex64,16384,256,contiguous,,direct_fft_complex64_16384_256_contiguous_,21.0409740685,20.9398330189,0.0787399476394,5,1,ok,
auto_v3,direct,fft,complex64,32768,8,contiguous,,direct_fft_complex64_32768_8_contiguous_,1.29294119542,1.28388500307,0.00392940710299,5,20,ok,
auto_v3,direct,fft,complex64,32768,32,contiguous,,direct_fft_complex64_32768_32_contiguous_,4.98573317115,4.97419965298,0.0070016637134,5,6,ok,
auto_v3,direct,fft,complex64,32768,64,contiguous,,direct_fft_complex64_32768_64_contiguous_,10.3267220159,10.3078729783,0.0160139752552,5,3,ok,
auto_v3,direct,fft,complex64,32768,256,contiguous,,direct_fft_complex64_32768_256_contiguous_,43.7545740278,43.7074960209,0.0470780069008,5,1,ok,
auto_v3,direct,fft,complex64,65536,8,contiguous,,direct_fft_complex64_65536_8_contiguous_,2.90713407837,2.89590025204,0.00514300578895,5,12,ok,
auto_v3,direct,fft,complex64,65536,32,contiguous,,direct_fft_complex64_65536_32_contiguous_,11.7375309928,11.7147680139,0.0146374804899,5,2,ok,
auto_v3,direct,fft,complex64,65536,64,contiguous,,direct_fft_complex64_65536_64_contiguous_,24.7893689666,24.6361390455,0.14085706789,5,1,ok,
auto_v3,direct,fft,complex64,65536,256,contiguous,,direct_fft_complex64_65536_256_contiguous_,98.2095529325,97.6761330385,0.131659093313,5,1,ok,
auto_v3,direct,fft,complex128,8192,8,contiguous,,direct_fft_complex128_8192_8_contiguous_,0.347748768273,0.345886679893,0.000611303603628,5,69,ok,
auto_v3,direct,fft,complex128,8192,32,contiguous,,direct_fft_complex128_8192_32_contiguous_,1.2866747973,1.28222990315,0.00444489414804,5,20,ok,
auto_v3,direct,fft,complex128,8192,64,contiguous,,direct_fft_complex128_8192_64_contiguous_,2.5633948479,2.55993676658,0.0034303834232,5,13,ok,
auto_v3,direct,fft,complex128,8192,256,contiguous,,direct_fft_complex128_8192_256_contiguous_,12.6746195019,12.5800555106,0.0738750095479,5,2,ok,
auto_v3,direct,fft,complex128,16384,8,contiguous,,direct_fft_complex128_16384_8_contiguous_,0.70672564907,0.698855251539,0.00482659670524,5,20,ok,
auto_v3,direct,fft,complex128,16384,32,contiguous,,direct_fft_complex128_16384_32_contiguous_,2.74024650571,2.70873691382,0.0315095918874,5,12,ok,
auto_v3,direct,fft,complex128,16384,64,contiguous,,direct_fft_complex128_16384_64_contiguous_,5.86637940723,5.79587582033,0.0584885943681,5,5,ok,
auto_v3,direct,fft,complex128,16384,256,contiguous,,direct_fft_complex128_16384_256_contiguous_,26.0056810221,25.8013239363,0.155434012413,5,1,ok,
auto_v3,direct,fft,complex128,32768,8,contiguous,,direct_fft_complex128_32768_8_contiguous_,1.52027139557,1.49379534996,0.0264760456048,5,20,ok,
auto_v3,direct,fft,complex128,32768,32,contiguous,,direct_fft_complex128_32768_32_contiguous_,6.31083459593,6.28106219228,0.0210318015888,5,5,ok,
auto_v3,direct,fft,complex128,32768,64,contiguous,,direct_fft_complex128_32768_64_contiguous_,14.1786865424,14.0863864799,0.0690554734319,5,2,ok,
auto_v3,direct,fft,complex128,32768,256,contiguous,,direct_fft_complex128_32768_256_contiguous_,55.9465810657,55.7555089472,0.191072118469,5,1,ok,
auto_v3,direct,fft,complex128,65536,8,contiguous,,direct_fft_complex128_65536_8_contiguous_,3.27792819589,3.27057620743,0.00694920308888,5,10,ok,
auto_v3,direct,fft,complex128,65536,32,contiguous,,direct_fft_complex128_65536_32_contiguous_,15.4151165043,15.3253764729,0.0122630153783,5,2,ok,
auto_v3,direct,fft,complex128,65536,64,contiguous,,direct_fft_complex128_65536_64_contiguous_,30.6164079811,30.4096069885,0.152469030581,5,1,ok,
auto_v3,direct,fft,complex128,65536,256,contiguous,,direct_fft_complex128_65536_256_contiguous_,121.865236084,121.292450931,0.144442892633,5,1,ok,
auto_v3,direct,ifft,complex64,8192,8,contiguous,,direct_ifft_complex64_8192_8_contiguous_,0.33242039137,0.331509351806,0.000911039564557,5,74,ok,
auto_v3,direct,ifft,complex64,8192,32,contiguous,,direct_ifft_complex64_8192_32_contiguous_,1.23443090124,1.22583315242,0.00369149493054,5,20,ok,
auto_v3,direct,ifft,complex64,8192,64,contiguous,,direct_ifft_complex64_8192_64_contiguous_,2.44553656583,2.43862200296,0.00216192399551,5,14,ok,
auto_v3,direct,ifft,complex64,8192,256,contiguous,,direct_ifft_complex64_8192_256_contiguous_,10.2021429921,10.0073676634,0.156649660009,5,3,ok,
auto_v3,direct,ifft,complex64,16384,8,contiguous,,direct_ifft_complex64_16384_8_contiguous_,0.664962048177,0.658465299057,0.00277174985968,5,20,ok,
auto_v3,direct,ifft,complex64,16384,32,contiguous,,direct_ifft_complex64_16384_32_contiguous_,2.52977199852,2.51679207521,0.0115495372134,5,13,ok,
auto_v3,direct,ifft,complex64,16384,64,contiguous,,direct_ifft_complex64_16384_64_contiguous_,5.02406918289,5.01204817556,0.0120210073267,5,6,ok,
auto_v3,direct,ifft,complex64,16384,256,contiguous,,direct_ifft_complex64_16384_256_contiguous_,23.2434930513,23.1622089632,0.0492729013786,5,1,ok,
auto_v3,direct,ifft,complex64,32768,8,contiguous,,direct_ifft_complex64_32768_8_contiguous_,1.41237769858,1.40723299701,0.00183749943972,5,20,ok,
auto_v3,direct,ifft,complex64,32768,32,contiguous,,direct_ifft_complex64_32768_32_contiguous_,5.6208888224,5.56140282424,0.0498575197222,5,6,ok,
auto_v3,direct,ifft,complex64,32768,64,contiguous,,direct_ifft_complex64_32768_64_contiguous_,11.2562513289,11.0782813281,0.0923716773589,5,3,ok,
auto_v3,direct,ifft,complex64,32768,256,contiguous,,direct_ifft_complex64_32768_256_contiguous_,47.0257459674,46.7995679937,0.172897009179,5,1,ok,
auto_v3,direct,ifft,complex64,65536,8,contiguous,,direct_ifft_complex64_65536_8_contiguous_,3.08044581801,3.0636831864,0.0114243646914,5,11,ok,
auto_v3,direct,ifft,complex64,65536,32,contiguous,,direct_ifft_complex64_65536_32_contiguous_,12.3775870306,12.3704785365,0.00710849417374,5,2,ok,
auto_v3,direct,ifft,complex64,65536,64,contiguous,,direct_ifft_complex64_65536_64_contiguous_,26.6202440253,26.4251850313,0.171795953065,5,1,ok,
auto_v3,direct,ifft,complex64,65536,256,contiguous,,direct_ifft_complex64_65536_256_contiguous_,105.185415945,105.055870954,0.0232539605349,5,1,ok,
auto_v3,direct,ifft,complex128,8192,8,contiguous,,direct_ifft_complex128_8192_8_contiguous_,0.366568650034,0.36350816707,0.00144759277728,5,66,ok,
auto_v3,direct,ifft,complex128,8192,32,contiguous,,direct_ifft_complex128_8192_32_contiguous_,1.37021889677,1.36558964732,0.0028494047001,5,20,ok,
auto_v3,direct,ifft,complex128,8192,64,contiguous,,direct_ifft_complex128_8192_64_contiguous_,2.71786916225,2.70836033936,0.00950882288938,5,12,ok,
auto_v3,direct,ifft,complex128,8192,256,contiguous,,direct_ifft_complex128_8192_256_contiguous_,13.4290424758,13.3317330037,0.00776950037107,5,2,ok,
auto_v3,direct,ifft,complex128,16384,8,contiguous,,direct_ifft_complex128_16384_8_contiguous_,0.74472904671,0.740566704189,0.00357024837285,5,20,ok,
auto_v3,direct,ifft,complex128,16384,32,contiguous,,direct_ifft_complex128_16384_32_contiguous_,2.88192372219,2.87723846056,0.00468526162546,5,11,ok,
auto_v3,direct,ifft,complex128,16384,64,contiguous,,direct_ifft_complex128_16384_64_contiguous_,6.14790818654,6.07252339832,0.0144554302096,5,5,ok,
auto_v3,direct,ifft,complex128,16384,256,contiguous,,direct_ifft_complex128_16384_256_contiguous_,27.7658019913,27.5281229988,0.0555339502171,5,1,ok,
auto_v3,direct,ifft,complex128,32768,8,contiguous,,direct_ifft_complex128_32768_8_contiguous_,1.59079994773,1.58757030149,0.000943755730987,5,20,ok,
auto_v3,direct,ifft,complex128,32768,32,contiguous,,direct_ifft_complex128_32768_32_contiguous_,6.57776780427,6.54189581983,0.00783079303801,5,5,ok,
auto_v3,direct,ifft,complex128,32768,64,contiguous,,direct_ifft_complex128_32768_64_contiguous_,15.029351518,14.9752940051,0.054057512898,5,2,ok,
auto_v3,direct,ifft,complex128,32768,256,contiguous,,direct_ifft_complex128_32768_256_contiguous_,60.0362510886,59.8806869239,0.0641611404717,5,1,ok,
auto_v3,direct,ifft,complex128,65536,8,contiguous,,direct_ifft_complex128_65536_8_contiguous_,3.47465878197,3.45695300752,0.00477677935527,5,9,ok,
auto_v3,direct,ifft,complex128,65536,32,contiguous,,direct_ifft_complex128_65536_32_contiguous_,16.3142484962,16.1427589483,0.124990998302,5,2,ok,
auto_v3,direct,ifft,complex128,65536,64,contiguous,,direct_ifft_complex128_65536_64_contiguous_,32.9144170973,32.7669179533,0.0905918423086,5,1,ok,
auto_v3,direct,ifft,complex128,65536,256,contiguous,,direct_ifft_complex128_65536_256_contiguous_,128.737734049,128.166762996,0.4153449554,5,1,ok,
auto_v3,direct,rfft,float32,8192,8,contiguous,,direct_rfft_float32_8192_8_contiguous_,0.115980315022,0.115063079866,0.000194819876924,5,200,ok,
auto_v3,direct,rfft,float32,8192,32,contiguous,,direct_rfft_float32_8192_32_contiguous_,0.422733096639,0.421113049379,0.00079600722529,5,20,ok,
auto_v3,direct,rfft,float32,8192,64,contiguous,,direct_rfft_float32_8192_64_contiguous_,0.864337448729,0.85683625075,0.00265249982476,5,20,ok,
auto_v3,direct,rfft,float32,8192,256,contiguous,,direct_rfft_float32_8192_256_contiguous_,3.29671760555,3.28105399385,0.00483500771224,5,5,ok,
auto_v3,direct,rfft,float32,16384,8,contiguous,,direct_rfft_float32_16384_8_contiguous_,0.259126495803,0.257373147178,0.000441307201982,5,20,ok,
auto_v3,direct,rfft,float32,16384,32,contiguous,,direct_rfft_float32_16384_32_contiguous_,0.975266401656,0.975188752636,7.76490196586e-05,5,20,ok,
auto_v3,direct,rfft,float32,16384,64,contiguous,,direct_rfft_float32_16384_64_contiguous_,2.10909375164,2.09288806218,0.00112780980999,5,16,ok,
auto_v3,direct,rfft,float32,16384,256,contiguous,,direct_rfft_float32_16384_256_contiguous_,8.18479398731,8.17579199793,0.00900198938325,5,4,ok,
auto_v3,direct,rfft,float32,32768,8,contiguous,,direct_rfft_float32_32768_8_contiguous_,0.525395898148,0.523480796255,0.00164259690791,5,20,ok,
auto_v3,direct,rfft,float32,32768,32,contiguous,,direct_rfft_float32_32768_32_contiguous_,2.12801081216,2.11171562842,0.00213781459024,5,16,ok,
auto_v3,direct,rfft,float32,32768,64,contiguous,,direct_rfft_float32_32768_64_contiguous_,4.26215699408,4.24990181345,0.00556658487767,5,5,ok,
auto_v3,direct,rfft,float32,32768,256,contiguous,,direct_rfft_float32_32768_256_contiguous_,19.4093669998,19.3420589203,0.0380020355806,5,1,ok,
auto_v3,direct,rfft,float32,65536,8,contiguous,,direct_rfft_float32_65536_8_contiguous_,1.10304625123,1.09538424877,0.00187654513866,5,20,ok,
auto_v3,direct,rfft,float32,65536,32,contiguous,,direct_rfft_float32_65536_32_contiguous_,4.30547299329,4.28136340342,0.0190360005945,5,5,ok,
auto_v3,direct,rfft,float32,65536,64,contiguous,,direct_rfft_float32_65536_64_contiguous_,8.65636649542,8.64949100651,0.00451348023489,5,4,ok,
auto_v3,direct,rfft,float32,65536,256,contiguous,,direct_rfft_float32_65536_256_contiguous_,38.9272279572,38.7827249942,0.128904008307,5,1,ok,
auto_v3,direct,rfft,float64,8192,8,contiguous,,direct_rfft_float64_8192_8_contiguous_,0.189919389948,0.188692870109,0.00122651983877,5,131,ok,
auto_v3,direct,rfft,float64,8192,32,contiguous,,direct_rfft_float64_8192_32_contiguous_,0.709767348599,0.70877050166,0.000996846938506,5,20,ok,
auto_v3,direct,rfft,float64,8192,64,contiguous,,direct_rfft_float64_8192_64_contiguous_,1.41972859856,1.41690529999,0.00245610135607,5,20,ok,
auto_v3,direct,rfft,float64,8192,256,contiguous,,direct_rfft_float64_8192_256_contiguous_,5.54514138494,5.49744099844,0.0348439905792,5,5,ok,
auto_v3,direct,rfft,float64,16384,8,contiguous,,direct_rfft_float64_16384_8_contiguous_,0.43265040149,0.42871790356,0.00141265336424,5,20,ok,
auto_v3,direct,rfft,float64,16384,32,contiguous,,direct_rfft_float64_16384_32_contiguous_,1.67766084778,1.66846089996,0.00271914759651,5,20,ok,
auto_v3,direct,rfft,float64,16384,64,contiguous,,direct_rfft_float64_16384_64_contiguous_,3.31501329783,3.30915329978,0.0058599980548,5,10,ok,
auto_v3,direct,rfft,float64,16384,256,contiguous,,direct_rfft_float64_16384_256_contiguous_,15.3990959516,15.2734385338,0.0389640335925,5,2,ok,
auto_v3,direct,rfft,float64,32768,8,contiguous,,direct_rfft_float64_32768_8_contiguous_,0.905680650612,0.902281247545,0.00164014636539,5,20,ok,
auto_v3,direct,rfft,float64,32768,32,contiguous,,direct_rfft_float64_32768_32_contiguous_,3.52141277916,3.4934075601,0.00702778601812,5,9,ok,
auto_v3,direct,rfft,float64,32768,64,contiguous,,direct_rfft_float64_32768_64_contiguous_,7.02852802351,7.02535948949,0.00177577021532,5,4,ok,
auto_v3,direct,rfft,float64,32768,256,contiguous,,direct_rfft_float64_32768_256_contiguous_,31.8560850574,31.7277509021,0.128334155306,5,1,ok,
auto_v3,direct,rfft,float64,65536,8,contiguous,,direct_rfft_float64_65536_8_contiguous_,1.87522149645,1.87387111105,0.00132699885095,5,18,ok,
auto_v3,direct,rfft,float64,65536,32,contiguous,,direct_rfft_float64_65536_32_contiguous_,7.56494575762,7.53377424553,0.0222047383431,5,4,ok,
auto_v3,direct,rfft,float64,65536,64,contiguous,,direct_rfft_float64_65536_64_contiguous_,17.0318864984,16.9401830062,0.0315800425597,5,2,ok,
auto_v3,direct,rfft,float64,65536,256,contiguous,,direct_rfft_float64_65536_256_contiguous_,66.6020680219,66.4136019768,0.188466045074,5,1,ok,
auto_v3,direct,irfft,complex64,8192,8,contiguous,,direct_irfft_complex64_8192_8_contiguous_,0.101236365153,0.100812260062,0.00040497048758,5,200,ok,
auto_v3,direct,irfft,complex64,8192,32,contiguous,,direct_irfft_complex64_8192_32_contiguous_,0.43908104999,0.436370447278,0.00236894702539,5,20,ok,
auto_v3,direct,irfft,complex64,8192,64,contiguous,,direct_irfft_complex64_8192_64_contiguous_,0.712157448288,0.709121697582,0.00204330426641,5,20,ok,
auto_v3,direct,irfft,complex64,8192,256,contiguous,,direct_irfft_complex64_8192_256_contiguous_,2.80533360783,2.78705321252,0.0136959832162,5,5,ok,
auto_v3,direct,irfft,complex64,16384,8,contiguous,,direct_irfft_complex64_16384_8_contiguous_,0.22534399759,0.22436165018,0.00059565063566,5,20,ok,
auto_v3,direct,irfft,complex64,16384,32,contiguous,,direct_irfft_complex64_16384_32_contiguous_,0.838401349029,0.83123325021,0.00172675354406,5,20,ok,
auto_v3,direct,irfft,complex64,16384,64,contiguous,,direct_irfft_complex64_16384_64_contiguous_,1.6508145025,1.64779429906,0.00114319846034,5,20,ok,
auto_v3,direct,irfft,complex64,16384,256,contiguous,,direct_irfft_complex64_16384_256_contiguous_,7.17855175026,7.16356598423,0.00563575304113,5,4,ok,
auto_v3,direct,irfft,complex64,32768,8,contiguous,,direct_irfft_complex64_32768_8_contiguous_,0.456784549169,0.451991450973,0.00332829658873,5,20,ok,
auto_v3,direct,irfft,complex64,32768,32,contiguous,,direct_irfft_complex64_32768_32_contiguous_,1.81666526355,1.81499315965,0.000876417432569,5,19,ok,
auto_v3,direct,irfft,complex64,32768,64,contiguous,,direct_irfft_complex64_32768_64_contiguous_,3.66463819519,3.65412819665,0.0052338000387,5,5,ok,
auto_v3,direct,irfft,complex64,32768,256,contiguous,,direct_irfft_complex64_32768_256_contiguous_,17.0298824669,16.9734309893,0.056451477576,5,2,ok,
auto_v3,direct,irfft,complex64,65536,8,contiguous,,direct_irfft_complex64_65536_8_contiguous_,0.95156005118,0.943799299421,0.00776075175963,5,20,ok,
auto_v3,direct,irfft,complex64,65536,32,contiguous,,direct_irfft_complex64_65536_32_contiguous_,3.79532538354,3.76170380041,0.0208436278626,5,5,ok,
auto_v3,direct,irfft,complex64,65536,64,contiguous,,direct_irfft_complex64_65536_64_contiguous_,7.55907475832,7.52245049807,0.0138434697874,5,4,ok,
auto_v3,direct,irfft,complex64,65536,256,contiguous,,direct_irfft_complex64_65536_256_contiguous_,35.3038411122,35.0807679351,0.22307317704,5,1,ok,
auto_v3,direct,irfft,complex128,8192,8,contiguous,,direct_irfft_complex128_8192_8_contiguous_,0.147999946948,0.141325118792,0.000180757863546,5,169,ok,
auto_v3,direct,irfft,complex128,8192,32,contiguous,,direct_irfft_complex128_8192_32_contiguous_,0.508103700122,0.503827095963,0.0042766041588,5,20,ok,
auto_v3,direct,irfft,complex128,8192,64,contiguous,,direct_irfft_complex128_8192_64_contiguous_,1.03710744879,1.01561080082,0.0214966479689,5,20,ok,
auto_v3,direct,irfft,complex128,8192,256,contiguous,,direct_irfft_complex128_8192_256_contiguous_,4.08960839268,4.07500080764,0.0146075850353,5,5,ok,
auto_v3,direct,irfft,complex128,16384,8,contiguous,,direct_irfft_complex128_16384_8_contiguous_,0.329501647502,0.32592684729,0.000949803506956,5,20,ok,
auto_v3,direct,irfft,complex128,16384,32,contiguous,,direct_irfft_complex128_16384_32_contiguous_,1.23952610302,1.23769209604,0.000554998405278,5,20,ok,
auto_v3,direct,irfft,complex128,16384,64,contiguous,,direct_irfft_complex128_16384_64_contiguous_,2.4828354631,2.47832076946,0.00443146564066,5,13,ok,
auto_v3,direct,irfft,complex128,16384,256,contiguous,,direct_irfft_complex128_16384_256_contiguous_,12.2437744867,12.0936299791,0.0446399790235,5,2,ok,
auto_v3,direct,irfft,complex128,32768,8,contiguous,,direct_irfft_complex128_32768_8_contiguous_,0.701782800024,0.697153498186,0.00284684938379,5,20,ok,
auto_v3,direct,irfft,complex128,32768,32,contiguous,,direct_irfft_complex128_32768_32_contiguous_,2.74640315911,2.73465341888,0.0117497402243,5,12,ok,
auto_v3,direct,irfft,complex128,32768,64,contiguous,,direct_irfft_complex128_32768_64_contiguous_,5.62798820902,5.57973079849,0.00216597691178,5,5,ok,
auto_v3,direct,irfft,complex128,32768,256,contiguous,,direct_irfft_complex128_32768_256_contiguous_,26.1775760446,26.0793600464,0.0379929551855,5,1,ok,
auto_v3,direct,irfft,complex128,65536,8,contiguous,,direct_irfft_complex128_65536_8_contiguous_,1.49234260316,1.46301405039,0.00497634755448,5,20,ok,
auto_v3,direct,irfft,complex128,65536,32,contiguous,,direct_irfft_complex128_65536_32_contiguous_,6.00093998946,5.93541399576,0.0249672215432,5,5,ok,
auto_v3,direct,irfft,complex128,65536,64,contiguous,,direct_irfft_complex128_65536_64_contiguous_,14.1504079802,14.1163729713,0.00729347812012,5,2,ok,
auto_v3,direct,irfft,complex128,65536,256,contiguous,,direct_irfft_complex128_65536_256_contiguous_,54.8501349986,54.6447270317,0.019247061573,5,1,ok,
policy_v3,direct,fft,complex64,8192,8,contiguous,,direct_fft_complex64_8192_8_contiguous_,0.307941436171,0.306999654127,0.00094178204353,5,78,ok,
policy_v3,direct,fft,complex64,8192,32,contiguous,,direct_fft_complex64_8192_32_contiguous_,1.14977220073,1.1392567947,0.00130644766614,5,20,ok,
policy_v3,direct,fft,complex64,8192,64,contiguous,,direct_fft_complex64_8192_64_contiguous_,2.29173426051,2.28428613239,0.00342713513722,5,15,ok,
policy_v3,direct,fft,complex64,8192,256,contiguous,,direct_fft_complex64_8192_256_contiguous_,9.41265568448,9.38406800075,0.0285876837249,5,3,ok,
policy_v3,direct,fft,complex64,16384,8,contiguous,,direct_fft_complex64_16384_8_contiguous_,0.615119747818,0.611381197814,0.000247947173193,5,20,ok,
policy_v3,direct,fft,complex64,16384,32,contiguous,,direct_fft_complex64_16384_32_contiguous_,2.36610335664,2.35818550157,0.00791785506798,5,14,ok,
policy_v3,direct,fft,complex64,16384,64,contiguous,,direct_fft_complex64_16384_64_contiguous_,4.72519643206,4.69498770378,0.00905870859112,5,7,ok,
policy_v3,direct,fft,complex64,16384,256,contiguous,,direct_fft_complex64_16384_256_contiguous_,21.2733149529,21.1088230135,0.0134339788929,5,1,ok,
policy_v3,direct,fft,complex64,32768,8,contiguous,,direct_fft_complex64_32768_8_contiguous_,1.2889426027,1.28501270083,0.0039299018681,5,20,ok,
policy_v3,direct,fft,complex64,32768,32,contiguous,,direct_fft_complex64_32768_32_contiguous_,5.08399418322,5.04833834323,0.0138596903222,5,6,ok,
policy_v3,direct,fft,complex64,32768,64,contiguous,,direct_fft_complex64_32768_64_contiguous_,10.3280013039,10.3122580331,0.0148143541689,5,3,ok,
policy_v3,direct,fft,complex64,32768,256,contiguous,,direct_fft_complex64_32768_256_contiguous_,45.2739910688,44.9467720464,0.194669119082,5,1,ok,
policy_v3,direct,fft,complex64,65536,8,contiguous,,direct_fft_complex64_65536_8_contiguous_,2.96868708789,2.95994408556,0.0055422688919,5,11,ok,
policy_v3,direct,fft,complex64,65536,32,contiguous,,direct_fft_complex64_65536_32_contiguous_,12.0146899717,11.8594765081,0.0598985352553,5,2,ok,
policy_v3,direct,fft,complex64,65536,64,contiguous,,direct_fft_complex64_65536_64_contiguous_,24.9313380336,24.7736789752,0.0652529997751,5,1,ok,
policy_v3,direct,fft,complex64,65536,256,contiguous,,direct_fft_complex64_65536_256_contiguous_,98.766866955,98.5413909657,0.0952210975811,5,1,ok,
policy_v3,direct,fft,complex128,8192,8,contiguous,,direct_fft_complex128_8192_8_contiguous_,0.369322211058,0.365406758096,0.00151300054947,5,66,ok,
policy_v3,direct,fft,complex128,8192,32,contiguous,,direct_fft_complex128_8192_32_contiguous_,1.43891444895,1.428499748,0.000982347410172,5,20,ok,
policy_v3,direct,fft,complex128,8192,64,contiguous,,direct_fft_complex128_8192_64_contiguous_,2.81687566894,2.81001766173,0.00399834243581,5,12,ok,
policy_v3,direct,fft,complex128,8192,256,contiguous,,direct_fft_complex128_8192_256_contiguous_,13.1346350536,13.0954009946,0.0230335281231,5,2,ok,
policy_v3,direct,fft,complex128,16384,8,contiguous,,direct_fft_complex128_16384_8_contiguous_,0.802342098905,0.798063998809,0.00256339553744,5,20,ok,
policy_v3,direct,fft,complex128,16384,32,contiguous,,direct_fft_complex128_16384_32_contiguous_,3.11203018381,3.10359145938,0.00188636212525,5,11,ok,
policy_v3,direct,fft,complex128,16384,64,contiguous,,direct_fft_complex128_16384_64_contiguous_,6.23438579496,6.15882079583,0.019143987447,5,5,ok,
policy_v3,direct,fft,complex128,16384,256,contiguous,,direct_fft_complex128_16384_256_contiguous_,28.3166760346,27.9708710732,0.115738017485,5,1,ok,
policy_v3,direct,fft,complex128,32768,8,contiguous,,direct_fft_complex128_32768_8_contiguous_,1.66064215009,1.65923699969,0.00140515039675,5,20,ok,
policy_v3,direct,fft,complex128,32768,32,contiguous,,direct_fft_complex128_32768_32_contiguous_,6.56112041324,6.49522359017,0.0347195891663,5,5,ok,
policy_v3,direct,fft,complex128,32768,64,contiguous,,direct_fft_complex128_32768_64_contiguous_,15.2715995209,15.2002700488,0.0118470052257,5,2,ok,
policy_v3,direct,fft,complex128,32768,256,contiguous,,direct_fft_complex128_32768_256_contiguous_,58.7860350497,58.5192500148,0.26678503491,5,1,ok,
policy_v3,direct,fft,complex128,65536,8,contiguous,,direct_fft_complex128_65536_8_contiguous_,3.50115570473,3.45214890549,0.0070963986218,5,10,ok,
policy_v3,direct,fft,complex128,65536,32,contiguous,,direct_fft_complex128_65536_32_contiguous_,15.9271255252,15.7874359866,0.139689538628,5,2,ok,
policy_v3,direct,fft,complex128,65536,64,contiguous,,direct_fft_complex128_65536_64_contiguous_,31.0956250178,30.8752279961,0.0234949402511,5,1,ok,
policy_v3,direct,fft,complex128,65536,256,contiguous,,direct_fft_complex128_65536_256_contiguous_,121.682679979,121.207621065,0.246345996857,5,1,ok,
policy_v3,direct,ifft,complex64,8192,8,contiguous,,direct_ifft_complex64_8192_8_contiguous_,0.333885233275,0.332549699161,0.00114160213517,5,73,ok,
policy_v3,direct,ifft,complex64,8192,32,contiguous,,direct_ifft_complex64_8192_32_contiguous_,1.25341485254,1.24743905035,0.00179589842446,5,20,ok,
policy_v3,direct,ifft,complex64,8192,64,contiguous,,direct_ifft_complex64_8192_64_contiguous_,2.46457685716,2.45732600368,0.0024647119322,5,14,ok,
policy_v3,direct,ifft,complex64,8192,256,contiguous,,direct_ifft_complex64_8192_256_contiguous_,10.1375910065,10.0781550088,0.0594359977792,5,3,ok,
policy_v3,direct,ifft,complex64,16384,8,contiguous,,direct_ifft_complex64_16384_8_contiguous_,0.669057347113,0.665873801336,0.00168665428646,5,20,ok,
policy_v3,direct,ifft,complex64,16384,32,contiguous,,direct_ifft_complex64_16384_32_contiguous_,2.57201192793,2.55833146198,0.0136804659493,5,13,ok,
policy_v3,direct,ifft,complex64,16384,64,contiguous,,direct_ifft_complex64_16384_64_contiguous_,5.11889367287,5.11742583088,0.00146784198781,5,6,ok,
policy_v3,direct,ifft,complex64,16384,256,contiguous,,direct_ifft_complex64_16384_256_contiguous_,22.7652280591,22.4698589882,0.16290799249,5,1,ok,
policy_v3,direct,ifft,complex64,32768,8,contiguous,,direct_ifft_complex64_32768_8_contiguous_,1.3938666496,1.38989714906,0.00365444575436,5,20,ok,
policy_v3,direct,ifft,complex64,32768,32,contiguous,,direct_ifft_complex64_32768_32_contiguous_,5.41772084155,5.40116949317,0.0165513483807,5,6,ok,
policy_v3,direct,ifft,complex64,32768,64,contiguous,,direct_ifft_complex64_32768_64_contiguous_,11.2283920171,11.1456556867,0.0760106680294,5,3,ok,
policy_v3,direct,ifft,complex64,32768,256,contiguous,,direct_ifft_complex64_32768_256_contiguous_,47.8591240244,47.6897929329,0.053861993365,5,1,ok,
policy_v3,direct,ifft,complex64,65536,8,contiguous,,direct_ifft_complex64_65536_8_contiguous_,3.09582590126,3.08842091313,0.00740498812361,5,11,ok,
policy_v3,direct,ifft,complex64,65536,32,contiguous,,direct_ifft_complex64_65536_32_contiguous_,12.3872305267,12.32339954,0.063830986619,5,2,ok,
policy_v3,direct,ifft,complex64,65536,64,contiguous,,direct_ifft_complex64_65536_64_contiguous_,26.7372159287,26.4848279767,0.25238795206,5,1,ok,
policy_v3,direct,ifft,complex64,65536,256,contiguous,,direct_ifft_complex64_65536_256_contiguous_,105.721670086,105.627562967,0.0514079583809,5,1,ok,
policy_v3,direct,ifft,complex128,8192,8,contiguous,,direct_ifft_complex128_8192_8_contiguous_,0.383892564118,0.383364307063,0.000528257054787,5,62,ok,
policy_v3,direct,ifft,complex128,8192,32,contiguous,,direct_ifft_complex128_8192_32_contiguous_,1.47597860196,1.46460809628,0.00486319768243,5,20,ok,
policy_v3,direct,ifft,complex128,8192,64,contiguous,,direct_ifft_complex128_8192_64_contiguous_,2.88451541564,2.87931224254,0.00520317310778,5,12,ok,
policy_v3,direct,ifft,complex128,8192,256,contiguous,,direct_ifft_complex128_8192_256_contiguous_,13.6003619991,13.4051824571,0.0460320152342,5,2,ok,
policy_v3,direct,ifft,complex128,16384,8,contiguous,,direct_ifft_complex128_16384_8_contiguous_,0.823174050311,0.821462296881,0.000825547613204,5,20,ok,
policy_v3,direct,ifft,complex128,16384,32,contiguous,,direct_ifft_complex128_16384_32_contiguous_,3.17467770074,3.16893788986,0.00202389201149,5,10,ok,
policy_v3,direct,ifft,complex128,16384,64,contiguous,,direct_ifft_complex128_16384_64_contiguous_,6.38286699541,6.34275700431,0.0363467959687,5,5,ok,
policy_v3,direct,ifft,complex128,16384,256,contiguous,,direct_ifft_complex128_16384_256_contiguous_,29.0541809518,28.9324109908,0.11706200894,5,1,ok,
policy_v3,direct,ifft,complex128,32768,8,contiguous,,direct_ifft_complex128_32768_8_contiguous_,1.70791100122,1.69871463195,0.00534594475635,5,19,ok,
policy_v3,direct,ifft,complex128,32768,32,contiguous,,direct_ifft_complex128_32768_32_contiguous_,6.7257037852,6.69027080294,0.0234683742747,5,5,ok,
policy_v3,direct,ifft,complex128,32768,64,contiguous,,direct_ifft_complex128_32768_64_contiguous_,15.4508739943,15.3278660146,0.0437925336882,5,2,ok,
policy_v3,direct,ifft,complex128,32768,256,contiguous,,direct_ifft_complex128_32768_256_contiguous_,60.2039080113,60.1788409986,0.0250670127571,5,1,ok,
policy_v3,direct,ifft,complex128,65536,8,contiguous,,direct_ifft_complex128_65536_8_contiguous_,3.5396885489,3.53162655503,0.00806199386716,5,9,ok,
policy_v3,direct,ifft,complex128,65536,32,contiguous,,direct_ifft_complex128_65536_32_contiguous_,16.2828785251,16.0274550435,0.0249374425039,5,2,ok,
policy_v3,direct,ifft,complex128,65536,64,contiguous,,direct_ifft_complex128_65536_64_contiguous_,31.8656120216,31.8128829822,0.052729039453,5,1,ok,
policy_v3,direct,ifft,complex128,65536,256,contiguous,,direct_ifft_complex128_65536_256_contiguous_,124.547983054,123.597764992,0.586370937526,5,1,ok,
policy_v3,direct,rfft,float32,8192,8,contiguous,,direct_rfft_float32_8192_8_contiguous_,0.11467825505,0.114301389549,0.000376865500584,5,200,ok,
policy_v3,direct,rfft,float32,8192,32,contiguous,,direct_rfft_float32_8192_32_contiguous_,0.424519996159,0.423062697519,0.00145729864016,5,20,ok,
policy_v3,direct,rfft,float32,8192,64,contiguous,,direct_rfft_float32_8192_64_contiguous_,0.841542799026,0.834960851353,0.000538496533409,5,20,ok,
policy_v3,direct,rfft,float32,8192,256,contiguous,,direct_rfft_float32_8192_256_contiguous_,3.30776660703,3.29769339878,0.00865641050041,5,5,ok,
policy_v3,direct,rfft,float32,16384,8,contiguous,,direct_rfft_float32_16384_8_contiguous_,0.260608253302,0.25922365021,0.00134854926728,5,20,ok,
policy_v3,direct,rfft,float32,16384,32,contiguous,,direct_rfft_float32_16384_32_contiguous_,0.986011698842,0.978498999029,0.00311040203087,5,20,ok,
policy_v3,direct,rfft,float32,16384,64,contiguous,,direct_rfft_float32_16384_64_contiguous_,1.94521229851,1.9327881746,0.00400583068018,5,17,ok,
policy_v3,direct,rfft,float32,16384,256,contiguous,,direct_rfft_float32_16384_256_contiguous_,7.90503452299,7.82751775114,0.0184849777725,5,4,ok,
policy_v3,direct,rfft,float32,32768,8,contiguous,,direct_rfft_float32_32768_8_contiguous_,0.538410048466,0.537959201029,0.000450847437605,5,20,ok,
policy_v3,direct,rfft,float32,32768,32,contiguous,,direct_rfft_float32_32768_32_contiguous_,2.13102155976,2.12862449553,0.00218537752517,5,16,ok,
policy_v3,direct,rfft,float32,32768,64,contiguous,,direct_rfft_float32_32768_64_contiguous_,4.31119380519,4.28706021048,0.0066545791924,5,5,ok,
policy_v3,direct,rfft,float32,32768,256,contiguous,,direct_rfft_float32_32768_256_contiguous_,19.3971140543,19.2153890384,0.018022954464,5,1,ok,
policy_v3,direct,rfft,float32,65536,8,contiguous,,direct_rfft_float32_65536_8_contiguous_,1.1142680014,1.10774565255,0.00612104777247,5,20,ok,
policy_v3,direct,rfft,float32,65536,32,contiguous,,direct_rfft_float32_65536_32_contiguous_,4.35477842111,4.31534580421,0.0255743972957,5,5,ok,
policy_v3,direct,rfft,float32,65536,64,contiguous,,direct_rfft_float32_65536_64_contiguous_,8.72790426365,8.65425250959,0.0215207401197,5,4,ok,
policy_v3,direct,rfft,float32,65536,256,contiguous,,direct_rfft_float32_65536_256_contiguous_,39.448495023,39.3372239778,0.0400049611926,5,1,ok,
policy_v3,direct,rfft,float64,8192,8,contiguous,,direct_rfft_float64_8192_8_contiguous_,0.184188240656,0.183620315948,0.000164751313571,5,133,ok,
policy_v3,direct,rfft,float64,8192,32,contiguous,,direct_rfft_float64_8192_32_contiguous_,0.704130250961,0.702361902222,0.00176834873855,5,20,ok,
policy_v3,direct,rfft,float64,8192,64,contiguous,,direct_rfft_float64_8192_64_contiguous_,1.39826299855,1.39364825445,0.00079550081864,5,20,ok,
policy_v3,direct,rfft,float64,8192,256,contiguous,,direct_rfft_float64_8192_256_contiguous_,5.54907079786,5.52329800557,0.0029677990824,5,5,ok,
policy_v3,direct,rfft,float64,16384,8,contiguous,,direct_rfft_float64_16384_8_contiguous_,0.426940101897,0.425555952825,0.000910699600354,5,20,ok,
policy_v3,direct,rfft,float64,16384,32,contiguous,,direct_rfft_float64_16384_32_contiguous_,1.66885565268,1.66496629827,0.0029135029763,5,20,ok,
policy_v3,direct,rfft,float64,16384,64,contiguous,,direct_rfft_float64_16384_64_contiguous_,3.3029905986,3.29067429993,0.000680307857692,5,10,ok,
policy_v3,direct,rfft,float64,16384,256,contiguous,,direct_rfft_float64_16384_256_contiguous_,15.337224002,15.2608844801,0.0130295520648,5,2,ok,
policy_v3,direct,rfft,float64,32768,8,contiguous,,direct_rfft_float64_32768_8_contiguous_,0.894888245966,0.890202901792,0.00128239626065,5,20,ok,
policy_v3,direct,rfft,float64,32768,32,contiguous,,direct_rfft_float64_32768_32_contiguous_,3.50531010837,3.48682622684,0.0125682240145,5,9,ok,
policy_v3,direct,rfft,float64,32768,64,contiguous,,direct_rfft_float64_32768_64_contiguous_,7.0377404918,6.98996000574,0.0477804860566,5,4,ok,
policy_v3,direct,rfft,float64,32768,256,contiguous,,direct_rfft_float64_32768_256_contiguous_,32.9893790185,32.5998320477,0.160795054398,5,1,ok,
policy_v3,direct,rfft,float64,65536,8,contiguous,,direct_rfft_float64_65536_8_contiguous_,1.90112105338,1.89143938607,0.00819833561157,5,18,ok,
policy_v3,direct,rfft,float64,65536,32,contiguous,,direct_rfft_float64_65536_32_contiguous_,7.7999496522,7.74753365355,0.0415053606654,5,3,ok,
policy_v3,direct,rfft,float64,65536,64,contiguous,,direct_rfft_float64_65536_64_contiguous_,17.031510477,16.9641585089,0.0281480024569,5,2,ok,
policy_v3,direct,rfft,float64,65536,256,contiguous,,direct_rfft_float64_65536_256_contiguous_,67.3175930278,66.7741539655,0.253238948062,5,1,ok,
policy_v3,direct,irfft,complex64,8192,8,contiguous,,direct_irfft_complex64_8192_8_contiguous_,0.100628610235,0.100182970054,0.000369949848391,5,200,ok,
policy_v3,direct,irfft,complex64,8192,32,contiguous,,direct_irfft_complex64_8192_32_contiguous_,0.3572922491,0.354503450217,0.00278879888356,5,20,ok,
policy_v3,direct,irfft,complex64,8192,64,contiguous,,direct_irfft_complex64_8192_64_contiguous_,0.714294501813,0.710745749529,0.000109698157758,5,20,ok,
policy_v3,direct,irfft,complex64,8192,256,contiguous,,direct_irfft_complex64_8192_256_contiguous_,2.7924051974,2.77579978574,0.00580698251724,5,5,ok,
policy_v3,direct,irfft,complex64,16384,8,contiguous,,direct_irfft_complex64_16384_8_contiguous_,0.222250149818,0.219573098002,0.00196525361389,5,20,ok,
policy_v3,direct,irfft,complex64,16384,32,contiguous,,direct_irfft_complex64_16384_32_contiguous_,0.832432549214,0.831323448801,0.00110910041258,5,20,ok,
policy_v3,direct,irfft,complex64,16384,64,contiguous,,direct_irfft_complex64_16384_64_contiguous_,1.72223441768,1.71381373596,0.00842068172795,5,19,ok,
policy_v3,direct,irfft,complex64,16384,256,contiguous,,direct_irfft_complex64_16384_256_contiguous_,7.0561930188,7.05040449975,0.0057885190472,5,4,ok,
policy_v3,direct,irfft,complex64,32768,8,contiguous,,direct_irfft_complex64_32768_8_contiguous_,0.461777555756,0.454001303297,0.00255485647358,5,20,ok,
policy_v3,direct,irfft,complex64,32768,32,contiguous,,direct_irfft_complex64_32768_32_contiguous_,1.79752795099,1.78196010376,0.00223484331448,5,19,ok,
policy_v3,direct,irfft,complex64,32768,64,contiguous,,direct_irfft_complex64_32768_64_contiguous_,3.61740060616,3.59036361333,0.00519577879459,5,5,ok,
policy_v3,direct,irfft,complex64,32768,256,contiguous,,direct_irfft_complex64_32768_256_contiguous_,16.9156214688,16.7507440201,0.0672625610605,5,2,ok,
policy_v3,direct,irfft,complex64,65536,8,contiguous,,direct_irfft_complex64_65536_8_contiguous_,0.956052553374,0.951147254091,0.00147830578499,5,20,ok,
policy_v3,direct,irfft,complex64,65536,32,contiguous,,direct_irfft_complex64_65536_32_contiguous_,3.73649019748,3.72133359779,0.00828159973025,5,5,ok,
policy_v3,direct,irfft,complex64,65536,64,contiguous,,direct_irfft_complex64_65536_64_contiguous_,7.71128275665,7.68667351804,0.0207542616408,5,4,ok,
policy_v3,direct,irfft,complex64,65536,256,contiguous,,direct_irfft_complex64_65536_256_contiguous_,34.8129000049,34.7036939347,0.0371809583157,5,1,ok,
policy_v3,direct,irfft,complex128,8192,8,contiguous,,direct_irfft_complex128_8192_8_contiguous_,0.140886942723,0.136188965823,0.000981286035052,5,175,ok,
policy_v3,direct,irfft,complex128,8192,32,contiguous,,direct_irfft_complex128_8192_32_contiguous_,0.52094150451,0.515270751202,0.00397504190914,5,20,ok,
policy_v3,direct,irfft,complex128,8192,64,contiguous,,direct_irfft_complex128_8192_64_contiguous_,1.03281334741,1.02815349819,0.00465984921902,5,20,ok,
policy_v3,direct,irfft,complex128,8192,256,contiguous,,direct_irfft_complex128_8192_256_contiguous_,4.12946380675,4.0840519825,0.0262836227193,5,5,ok,
policy_v3,direct,irfft,complex128,16384,8,contiguous,,direct_irfft_complex128_16384_8_contiguous_,0.324949051719,0.324288802221,0.000660249497741,5,20,ok,
policy_v3,direct,irfft,complex128,16384,32,contiguous,,direct_irfft_complex128_16384_32_contiguous_,1.32473534904,1.32221610402,0.00251924502663,5,20,ok,
policy_v3,direct,irfft,complex128,16384,64,contiguous,,direct_irfft_complex128_16384_64_contiguous_,2.596552233,2.58389054439,0.00182653848942,5,13,ok,
policy_v3,direct,irfft,complex128,16384,256,contiguous,,direct_irfft_complex128_16384_256_contiguous_,12.0365714538,11.9661885547,0.0703828991391,5,2,ok,
policy_v3,direct,irfft,complex128,32768,8,contiguous,,direct_irfft_complex128_32768_8_contiguous_,0.69603890297,0.69457165082,0.00100190518424,5,20,ok,
policy_v3,direct,irfft,complex128,32768,32,contiguous,,direct_irfft_complex128_32768_32_contiguous_,2.77314708607,2.73983657826,0.00815874470087,5,12,ok,
policy_v3,direct,irfft,complex128,32768,64,contiguous,,direct_irfft_complex128_32768_64_contiguous_,5.55540679488,5.50509558525,0.0223282026127,5,5,ok,
policy_v3,direct,irfft,complex128,32768,256,contiguous,,direct_irfft_complex128_32768_256_contiguous_,25.980303064,25.9452570463,0.029054004699,5,1,ok,
policy_v3,direct,irfft,complex128,65536,8,contiguous,,direct_irfft_complex128_65536_8_contiguous_,1.47209624993,1.46681275219,0.00348809990101,5,20,ok,
policy_v3,direct,irfft,complex128,65536,32,contiguous,,direct_irfft_complex128_65536_32_contiguous_,6.07614840847,6.02064919658,0.0133513705805,5,5,ok,
policy_v3,direct,irfft,complex128,65536,64,contiguous,,direct_irfft_complex128_65536_64_contiguous_,14.2700095312,14.0974075184,0.0520129688084,5,2,ok,
policy_v3,direct,irfft,complex128,65536,256,contiguous,,direct_irfft_complex128_65536_256_contiguous_,55.5424659979,55.2584580146,0.0710049644113,5,1,ok,
